{"stats":{"minecraft:custom":{"minecraft:mob_kills":57,"minecraft:interact_with_crafting_table":23,"minecraft:open_barrel":3,"minecraft:leave_game":6,"minecraft:time_since_death":37206,"minecraft:climb_one_cm":3872,"minecraft:sprint_one_cm":444130,"minecraft:walk_one_cm":682284,"minecraft:drop":40,"minecraft:talked_to_villager":1,"minecraft:play_time":227287,"minecraft:sneak_time":10849,"minecraft:deaths":10,"minecraft:walk_under_water_one_cm":41864,"minecraft:boat_one_cm":295413,"minecraft:jump":2404,"minecraft:interact_with_blast_furnace":2,"minecraft:walk_on_water_one_cm":46326,"minecraft:total_world_time":227287,"minecraft:interact_with_furnace":56,"minecraft:interact_with_grindstone":1,"minecraft:sleep_in_bed":2,"minecraft:time_since_rest":23042,"minecraft:waystone_activated":1,"minecraft:damage_taken":5207,"minecraft:damage_dealt":10260,"minecraft:swim_one_cm":26449,"minecraft:fly_one_cm":413882,"minecraft:open_chest":53,"minecraft:crouch_one_cm":27781,"minecraft:fall_one_cm":62331},"minecraft:crafted":{"minecraft:oak_planks":16,"minecraft:stone_shovel":1,"minecraft:heavy_weighted_pressure_plate":2,"eternal_tales:bamboo_block_et":141,"sophisticatedbackpacks:copper_backpack":1,"minecraft:polished_deepslate":256,"minecraft:iron_axe":1,"minecraft:stone_pickaxe":2,"minecraft:chest":1,"minecraft:dark_oak_planks":12,"sophisticatedbackpacks:iron_backpack":1,"minecraft:wheat":6,"sophisticatedbackpacks:backpack":1,"minecraft:crafting_table":3,"minecraft:iron_helmet":1,"minecraft:baked_potato":34,"minecraft:iron_sword":1,"sophisticatedbackpacks:gold_backpack":1,"minecraft:copper_ingot":8,"minecraft:birch_planks":8,"minecraft:bread":2,"minecraft:air":0,"minecraft:bamboo":128,"minecraft:diamond_pickaxe":1,"minecraft:shield":1,"minecraft:stick":20,"minecraft:iron_ingot":29,"minecraft:iron_pickaxe":1,"minecraft:stone_sword":1,"minecraft:gold_ingot":9,"minecraft:iron_leggings":1},"minecraft:dropped":{"minecraft:wheat_seeds":2,"minecraft:cooked_beef":1,"minecraft:diamond":1,"eternal_tales:spider_man_emblem":1,"minecraft:dirt":3,"eternal_tales:tea_seeds":7,"minecraft:iron_axe":1,"minecraft:sugar":3,"minecraft:string":1,"minecraft:moss_carpet":7,"minecraft:kelp":2,"minecraft:bowl":1,"minecraft:wheat":2,"minecraft:rotten_flesh":5,"minecraft:iron_boots":3,"eternal_tales:wolfberry":1,"minecraft:iron_chestplate":2,"eternal_tales:salt":3,"minecraft:arrow":1,"minecraft:wooden_pickaxe":1,"eternal_tales:terra_shard":1},"minecraft:used":{"minecraft:stone_sword":93,"minecraft:polished_deepslate":143,"minecraft:flint_and_steel":55,"minecraft:stone_shovel":24,"minecraft:iron_sword":23,"minecraft:iron_chestplate":5,"minecraft:dirt":11,"eternal_tales:vivid_tale_block":1,"minecraft:granite":8,"minecraft:dark_oak_planks":16,"minecraft:iron_axe":277,"minecraft:iron_helmet":1,"eternal_tales:comets_sand":2,"minecraft:iron_boots":3,"minecraft:bamboo":144,"minecraft:bow":2,"eternal_tales:comet_bricks":2,"minecraft:cooked_beef":2,"minecraft:potato":5,"minecraft:iron_leggings":1,"eternal_tales:paeonia_et":1,"minecraft:cooked_mutton":1,"minecraft:dark_oak_stairs":2,"minecraft:diorite":8,"minecraft:birch_planks":1,"minecraft:stone_pickaxe":185,"minecraft:baked_potato":34,"minecraft:oak_planks":4,"minecraft:birch_boat":1,"minecraft:cookie":1,"eternal_tales:bamboo_block_et":117,"minecraft:crafting_table":3,"minecraft:diamond_pickaxe":421,"minecraft:apple":1,"minecraft:heavy_weighted_pressure_plate":2,"minecraft:bread":2,"minecraft:iron_pickaxe":499,"minecraft:suspicious_stew":1,"minecraft:gravel":3,"minecraft:cobblestone":12,"minecraft:cooked_porkchop":7,"minecraft:candle":1},"minecraft:broken":{"minecraft:iron_axe":1,"minecraft:iron_pickaxe":2},"minecraft:picked_up":{"minecraft:wooden_axe":1,"minecraft:crafting_table":1,"minecraft:iron_chestplate":11,"minecraft:chicken":1,"minecraft:azure_bluet":1,"minecraft:chest_minecart":1,"minecraft:wooden_pickaxe":2,"minecraft:golden_shovel":1,"eternal_tales:raccoon_fur":1,"eternal_tales:batman_emblem":2,"minecraft:polished_deepslate":6,"minecraft:string":20,"minecraft:moss_carpet":13,"minecraft:raw_copper":248,"minecraft:iron_axe":13,"minecraft:flint_and_steel":4,"minecraft:candle":1,"minecraft:gold_nugget":7,"minecraft:cobbled_deepslate":525,"minecraft:light_weighted_pressure_plate":1,"eternal_tales:paeonia_et":1,"minecraft:poppy":4,"minecraft:iron_pickaxe":2,"minecraft:sugar_cane":36,"minecraft:egg":2,"eternal_tales:spider_man_emblem":7,"minecraft:iron_boots":8,"minecraft:stick":5,"minecraft:raw_iron":58,"eternal_tales:bamboo_block_et":56,"minecraft:oak_fence":13,"minecraft:torch":7,"eternal_tales:raw_quinine":36,"minecraft:fire_charge":1,"eternal_tales:brown_clay_ball":96,"minecraft:cookie":1,"minecraft:diorite":17,"minecraft:redstone":86,"minecraft:dark_oak_planks":4,"minecraft:orange_bed":1,"minecraft:stone_sword":4,"minecraft:rotten_flesh":58,"minecraft:arrow":35,"create:scoria":8,"eternal_tales:comets_sand":4,"eternal_tales:chlorine":17,"minecraft:gold_ingot":14,"minecraft:cobblestone":112,"minecraft:white_wool":3,"eternal_tales:heart_et":1,"minecraft:stripped_oak_log":2,"minecraft:birch_log":2,"minecraft:feather":7,"minecraft:cooked_beef":5,"minecraft:andesite":3,"minecraft:leather":4,"minecraft:filled_map":2,"minecraft:potato":44,"minecraft:birch_planks":1,"create:raw_zinc":15,"minecraft:tuff":19,"eternal_tales:tea_seeds":21,"minecraft:lapis_lazuli":28,"minecraft:dirt":17,"minecraft:paper":12,"man:cassette_1safetyinstructions":1,"minecraft:cooked_mutton":4,"minecraft:bone":52,"minecraft:kelp":2,"minecraft:bow":2,"minecraft:cooked_chicken":2,"minecraft:wheat_seeds":14,"minecraft:raw_gold":7,"eternal_tales:comet_bricks":2,"minecraft:iron_ingot":22,"minecraft:stone_pickaxe":2,"eternal_tales:hay_stairs":1,"minecraft:flowering_azalea":1,"minecraft:powered_rail":2,"minecraft:bamboo":615,"minecraft:dark_oak_stairs":2,"minecraft:moss_block":2,"eternal_tales:salt":6,"minecraft:iron_sword":1,"minecraft:oak_planks":26,"minecraft:black_candle":11,"minecraft:cooked_porkchop":10,"minecraft:birch_boat":1,"minecraft:poisonous_potato":1,"minecraft:gravel":11,"minecraft:blast_furnace":1,"minecraft:barrel":6,"eternal_tales:vivid_tale_block":1,"eternal_tales:blue_comets_moss":2,"minecraft:dark_oak_log":3,"minecraft:spider_eye":5,"eternal_tales:bronze_coin":20,"minecraft:sugar":9,"minecraft:diamond":6,"eternal_tales:terra_shard":16,"minecraft:granite":10,"minecraft:gray_wool":1,"minecraft:bread":2,"minecraft:emerald":6,"minecraft:baked_potato":9,"eternal_tales:wolfberry":4,"minecraft:oak_sapling":5,"eternal_tales:raw_chlorine":56,"minecraft:coal":87,"minecraft:sunflower":2,"minecraft:diamond_pickaxe":2},"minecraft:killed_by":{"minecraft:drowned":3},"minecraft:mined":{"minecraft:dark_oak_planks":4,"create:zinc_ore":10,"eternal_tales:deepslate_chlorine_ore":1,"eternal_tales:vivid_tale_block":1,"create:deepslate_zinc_ore":5,"minecraft:tuff":19,"eternal_tales:blue_rose":1,"eternal_tales:striped_comets_log":2,"eternal_tales:cloud":1,"minecraft:deepslate_diamond_ore":2,"minecraft:candle":1,"minecraft:dark_oak_log":4,"eternal_tales:comets_sand":2,"eternal_tales:dense_cloud":2,"minecraft:glow_lichen":1,"minecraft:granite":11,"minecraft:grass_block":9,"eternal_tales:blue_comets_moss":1,"minecraft:moss_block":3,"minecraft:spawner":8,"minecraft:redstone_ore":4,"eternal_tales:blue_comets_leaves":7,"minecraft:barrel":6,"minecraft:iron_ore":34,"minecraft:fire":11,"minecraft:andesite":3,"minecraft:moss_carpet":6,"minecraft:deepslate_lapis_ore":3,"minecraft:azure_bluet":1,"minecraft:dark_oak_stairs":2,"minecraft:polished_deepslate":7,"minecraft:deepslate_iron_ore":24,"minecraft:vine":3,"minecraft:black_candle":2,"minecraft:stripped_oak_log":3,"eternal_tales:chlorine_ore":27,"minecraft:bamboo":56,"minecraft:stone":137,"minecraft:deepslate_redstone_ore":5,"minecraft:flowering_azalea":1,"minecraft:glass_pane":1,"minecraft:kelp_plant":1,"eternal_tales:jannatus_flower":1,"eternal_tales:paeonia_et":1,"minecraft:oak_fence":14,"minecraft:crafting_table":1,"minecraft:blast_furnace":1,"eternal_tales:deepslate_quinine_ore":40,"create:scoria":9,"eternal_tales:brown_clay":26,"minecraft:copper_ore":69,"minecraft:tall_grass":5,"minecraft:cobblestone":6,"minecraft:deepslate_coal_ore":3,"minecraft:deepslate_gold_ore":2,"minecraft:oak_planks":26,"minecraft:sugar_cane":6,"minecraft:diorite":17,"minecraft:deepslate_copper_ore":8,"minecraft:birch_planks":1,"eternal_tales:bamboo_block_et":16,"eternal_tales:jannatus_stem":1,"eternal_tales:vividstatue":3,"minecraft:birch_log":2,"eternal_tales:vase_et_white":8,"minecraft:grass":26,"minecraft:oak_log":7,"minecraft:coal_ore":79,"minecraft:sunflower":1,"minecraft:gravel":7,"minecraft:dirt":12,"minecraft:cobweb":2,"minecraft:gold_ore":5,"minecraft:oak_leaves":14,"minecraft:deepslate":538},"minecraft:killed":{"eternal_tales:bankeer":1,"eternal_tales:sunflower_spider":1,"minecraft:witch":2,"eternal_tales:squindine":1,"minecraft:spider":4,"eternal_tales:asteroid_watcher":1,"minecraft:horse":2,"minecraft:skeleton":14,"minecraft:chicken":2,"minecraft:drowned":2,"minecraft:pig":5,"eternal_tales:wendigo":1,"minecraft:creeper":2,"eternal_tales:flower_zombie":2,"minecraft:sheep":3,"minecraft:zombie":9,"eternal_tales:spirit":1,"eternal_tales:comets_beetle":1,"minecraft:cow":3}},"DataVersion":3465}