{"stats":{"minecraft:custom":{"minecraft:interact_with_crafting_table":39,"minecraft:open_barrel":13,"minecraft:eat_cake_slice":3,"minecraft:leave_game":13,"minecraft:time_since_death":3389,"minecraft:sprint_one_cm":830042,"minecraft:drop":60,"minecraft:talked_to_villager":4,"minecraft:play_time":516968,"minecraft:deaths":34,"minecraft:jump":4742,"minecraft:walk_on_water_one_cm":115059,"minecraft:interact_with_furnace":79,"minecraft:interact_with_loom":7,"minecraft:sleep_in_bed":13,"minecraft:waystone_activated":1,"minecraft:damage_dealt":37042,"minecraft:crouch_one_cm":90779,"minecraft:mob_kills":150,"minecraft:climb_one_cm":36307,"minecraft:walk_one_cm":1460971,"minecraft:sneak_time":26945,"minecraft:walk_under_water_one_cm":59686,"minecraft:boat_one_cm":361752,"minecraft:interact_with_blast_furnace":2,"minecraft:total_world_time":516968,"minecraft:tune_noteblock":2,"minecraft:interact_with_grindstone":2,"minecraft:time_since_rest":1752,"minecraft:damage_taken":15078,"minecraft:swim_one_cm":29946,"minecraft:fly_one_cm":758586,"minecraft:open_chest":261,"minecraft:fall_one_cm":146579},"minecraft:crafted":{"minecraft:oak_planks":228,"minecraft:barrel":10,"minecraft:heavy_weighted_pressure_plate":2,"eternal_tales:bamboo_block_et":141,"minecraft:iron_boots":1,"sophisticatedbackpacks:copper_backpack":1,"create:mechanical_press":1,"minecraft:chest":1,"alexscaves:primitive_club":1,"create:cogwheel":13,"minecraft:oak_slab":72,"create:depot":1,"sophisticatedbackpacks:backpack":1,"create:rose_quartz":1,"minecraft:crafting_table":4,"minecraft:jungle_boat":1,"minecraft:iron_helmet":2,"minecraft:baked_potato":34,"minecraft:copper_ingot":128,"minecraft:birch_planks":8,"minecraft:bamboo":140,"minecraft:diamond_pickaxe":2,"create:water_wheel":2,"minecraft:shield":1,"minecraft:stick":28,"minecraft:iron_ingot":122,"minecraft:iron_pickaxe":1,"minecraft:iron_block":1,"minecraft:stone_sword":1,"minecraft:gold_ingot":9,"minecraft:stone_shovel":1,"eternal_tales:terra_crystal":3,"minecraft:iron_nugget":306,"alexscaves:cave_map":2,"minecraft:scaffolding":24,"minecraft:polished_deepslate":1456,"minecraft:iron_axe":1,"minecraft:stone_pickaxe":2,"create:fluid_tank":1,"minecraft:dark_oak_planks":12,"minecraft:wheat":6,"sophisticatedbackpacks:iron_backpack":1,"create:andesite_alloy":32,"create:hand_crank":1,"minecraft:iron_sword":1,"sophisticatedbackpacks:gold_backpack":1,"minecraft:bucket":2,"minecraft:jungle_planks":16,"minecraft:bread":2,"minecraft:air":0,"minecraft:iron_leggings":2,"create:shaft":16,"minecraft:torch":44,"create:zinc_ingot":30},"minecraft:dropped":{"minecraft:cooked_beef":1,"eternal_tales:star_lord_emblem":1,"minecraft:diamond":1,"minecraft:dark_oak_slab":4,"alexscaves:ambersol":1,"minecraft:dirt":7,"minecraft:sugar":3,"eternal_tales:terra_crystal":6,"minecraft:wheat":2,"minecraft:rotten_flesh":5,"minecraft:oak_planks":4,"eternal_tales:salt":3,"minecraft:arrow":1,"eternal_tales:cobaltpickaxe":1,"minecraft:oak_slab":43,"minecraft:wheat_seeds":2,"create:crushed_raw_tin":26,"eternal_tales:spider_man_emblem":1,"eternal_tales:blue_rose":1,"eternal_tales:tea_seeds":7,"minecraft:iron_axe":1,"minecraft:string":1,"minecraft:moss_carpet":7,"minecraft:kelp":2,"minecraft:bowl":1,"minecraft:iron_boots":3,"sophisticatedbackpacks:backpack":1,"eternal_tales:wolfberry":1,"create:copper_sheet":2,"alexscaves:heavy_bone":1,"minecraft:iron_chestplate":2,"minecraft:wooden_pickaxe":1,"eternal_tales:terra_shard":3},"minecraft:used":{"minecraft:moss_block":1,"minecraft:cherry_sapling":2,"minecraft:iron_shovel":40,"minecraft:polished_deepslate":1018,"minecraft:iron_sword":155,"alexscaves:primal_magma":5,"minecraft:iron_chestplate":8,"create:fluid_tank":1,"alexscaves:flood_basalt":36,"create:cogwheel":22,"minecraft:jungle_planks":7,"minecraft:carrot":21,"eternal_tales:vivid_tale_block":1,"create:depot":2,"minecraft:obsidian":14,"minecraft:packed_mud":2,"minecraft:iron_helmet":2,"eternal_tales:terra_hammer":432,"minecraft:dark_oak_slab":9,"eternal_tales:comets_sand":2,"minecraft:bow":2,"minecraft:scaffolding":24,"eternal_tales:comet_bricks":2,"minecraft:potato":16,"eternal_tales:paeonia_et":1,"minecraft:dark_oak_stairs":2,"minecraft:diorite":8,"minecraft:stone_pickaxe":185,"minecraft:oak_planks":6,"minecraft:sandstone":9,"minecraft:sugar_cane":13,"minecraft:jungle_boat":4,"minecraft:cookie":1,"eternal_tales:bamboo_block_et":117,"minecraft:melon_slice":95,"minecraft:string":2,"minecraft:heavy_weighted_pressure_plate":2,"minecraft:bread":6,"minecraft:gravel":3,"minecraft:diamond_sword":403,"minecraft:stone_sword":93,"minecraft:enchanting_table":1,"minecraft:flint_and_steel":58,"alexscaves:primordial_tunic":1,"minecraft:stone_shovel":33,"minecraft:torch":44,"minecraft:dirt":27,"alexscaves:limestone":2,"minecraft:granite":8,"minecraft:dark_oak_planks":16,"alexscaves:limestone_spear":32,"minecraft:wooden_axe":2,"alexscaves:smooth_limestone_stairs":1,"minecraft:iron_axe":381,"minecraft:iron_boots":5,"minecraft:barrel":3,"minecraft:smooth_basalt":16,"minecraft:bamboo":144,"alexscaves:spelunkery_table":1,"minecraft:basalt":5,"minecraft:cooked_beef":2,"minecraft:cobbled_deepslate":21,"minecraft:iron_leggings":5,"sophisticatedbackpacks:gold_backpack":1,"alexscaves:dinosaur_nugget":21,"minecraft:cooked_mutton":2,"minecraft:water_bucket":35,"eternal_tales:cobaltpickaxe":254,"alexscaves:dinosaur_chop":3,"minecraft:birch_planks":1,"minecraft:baked_potato":34,"minecraft:birch_boat":1,"minecraft:cracked_stone_bricks":2,"alexscaves:primitive_club":11,"minecraft:oak_slab":26,"minecraft:crafting_table":4,"minecraft:oak_log":2,"minecraft:diamond_pickaxe":920,"minecraft:apple":1,"create:mechanical_press":3,"minecraft:iron_pickaxe":499,"minecraft:suspicious_stew":1,"create:water_wheel":11,"minecraft:cobblestone":94,"minecraft:cooked_porkchop":9,"minecraft:bucket":37,"create:hand_crank":3,"minecraft:stripped_oak_log":1,"minecraft:candle":1},"minecraft:broken":{"minecraft:iron_chestplate":1,"minecraft:wooden_axe":1,"minecraft:iron_axe":2,"minecraft:iron_pickaxe":2,"minecraft:iron_helmet":1},"minecraft:picked_up":{"minecraft:wooden_axe":1,"minecraft:iron_chestplate":23,"alexscaves:tough_hide":12,"minecraft:diamond_sword":8,"alexscaves:cave_tablet":13,"minecraft:brown_bed":1,"minecraft:potion":7,"minecraft:golden_shovel":1,"alexscaves:smooth_limestone":1,"eternal_tales:blue_rose":1,"minecraft:polished_deepslate":36,"minecraft:string":141,"eternal_tales:batman_emblem":14,"minecraft:raw_copper":346,"minecraft:cooked_salmon":8,"minecraft:iron_leggings":11,"create:water_wheel":11,"minecraft:gold_nugget":47,"create:mechanical_press":2,"minecraft:cobbled_deepslate":1051,"minecraft:light_weighted_pressure_plate":1,"minecraft:white_tulip":3,"minecraft:iron_pickaxe":2,"minecraft:melon_slice":551,"minecraft:iron_boots":17,"minecraft:furnace":2,"eternal_tales:bamboo_block_et":56,"minecraft:stick":12,"alexscaves:limestone_spear":37,"minecraft:oak_fence":13,"eternal_tales:latit":2,"minecraft:torch":7,"create:andesite_casing":2,"minecraft:porkchop":9,"alexscaves:heavy_bone":2,"eternal_tales:raw_quinine":36,"minecraft:diorite":28,"eternal_tales:nether_shard":1,"minecraft:orange_bed":1,"minecraft:stone_sword":4,"eternal_tales:green_arrow_emblem":4,"minecraft:rotten_flesh":145,"create:scoria":10,"eternal_tales:chlorine":19,"eternal_tales:comets_sand":4,"alexscaves:primitive_club":2,"minecraft:obsidian":69,"minecraft:cobblestone":1723,"minecraft:birch_log":2,"minecraft:enchanting_table":1,"minecraft:magma_block":5,"minecraft:feather":7,"minecraft:cooked_beef":5,"create:fluid_tank":1,"minecraft:jungle_log":13,"minecraft:andesite":67,"minecraft:potato":50,"minecraft:flint":10,"alexscaves:cave_book":1,"minecraft:tuff":85,"create:raw_zinc":41,"eternal_tales:tea_seeds":50,"minecraft:lapis_lazuli":28,"minecraft:dirt":167,"minecraft:bone":54,"minecraft:stonecutter":1,"minecraft:bow":2,"minecraft:wheat_seeds":21,"minecraft:raw_gold":9,"eternal_tales:comet_bricks":2,"minecraft:mossy_stone_bricks":5,"minecraft:bamboo":628,"minecraft:powered_rail":2,"minecraft:moss_block":5,"minecraft:oak_planks":27,"minecraft:cooked_porkchop":10,"create:cogwheel":16,"eternal_tales:terra_crystal":3,"minecraft:poisonous_potato":1,"minecraft:sand":8,"minecraft:jungle_planks":26,"eternal_tales:blue_comets_moss":2,"minecraft:dark_oak_log":3,"minecraft:barrel":8,"man:tearoftheman":2,"minecraft:sugar":9,"minecraft:diamond":17,"eternal_tales:ectoplasm":48,"eternal_tales:terra_shard":116,"minecraft:granite":29,"minecraft:emerald":6,"minecraft:bread":11,"minecraft:oak_sapling":5,"minecraft:netherrack":16,"eternal_tales:raw_chlorine":91,"minecraft:diamond_pickaxe":12,"create:copper_sheet":5,"sophisticatedbackpacks:gold_backpack":14,"minecraft:cocoa_beans":12,"minecraft:crafting_table":1,"minecraft:azure_bluet":1,"alexscaves:primal_magma":168,"minecraft:chicken":1,"minecraft:chest_minecart":1,"minecraft:wooden_pickaxe":2,"eternal_tales:destroyer_eye":1,"alexscaves:flood_basalt":112,"eternal_tales:raccoon_fur":7,"alexscaves:dinosaur_nugget":117,"minecraft:red_bed":1,"minecraft:moss_carpet":13,"minecraft:iron_axe":23,"alexscaves:fiddlehead":6,"minecraft:flint_and_steel":11,"eternal_tales:cobaltpickaxe":3,"minecraft:iron_shovel":10,"alexscaves:dinosaur_chop":6,"minecraft:blackstone":21,"minecraft:blue_orchid":1,"minecraft:cracked_stone_bricks":4,"minecraft:candle":10,"eternal_tales:raw_cobalt":26,"eternal_tales:paeonia_et":1,"minecraft:beef":16,"eternal_tales:raw_ancienzyte":1,"minecraft:jungle_sapling":1,"minecraft:poppy":27,"minecraft:sugar_cane":115,"minecraft:chest":1,"eternal_tales:spider_man_emblem":7,"minecraft:egg":8,"minecraft:raw_iron":76,"minecraft:sandstone":19,"alexscaves:cycad":4,"minecraft:copper_ingot":17,"sophisticatedbackpacks:backpack":1,"minecraft:note_block":2,"minecraft:fire_charge":1,"eternal_tales:brown_clay_ball":96,"minecraft:cookie":1,"create:hand_crank":3,"minecraft:carrot":20,"minecraft:redstone":191,"minecraft:prismarine_crystals":12,"minecraft:dark_oak_planks":4,"minecraft:arrow":35,"eternal_tales:pyroxenite":1,"minecraft:hay_block":3,"alexscaves:spelunkery_table":1,"create:depot":2,"minecraft:warped_sign":4,"minecraft:gold_ingot":24,"minecraft:mutton":8,"minecraft:white_wool":6,"eternal_tales:heart_et":5,"minecraft:stripped_oak_log":3,"minecraft:jungle_boat":10,"minecraft:basalt":18,"eternal_tales:ancienzyte_bolt":6,"minecraft:leather":12,"minecraft:filled_map":2,"minecraft:birch_planks":1,"minecraft:packed_mud":5,"alexscaves:limestone":153,"minecraft:gunpowder":1,"alexscaves:ambersol":2,"minecraft:paper":25,"man:cassette_1safetyinstructions":1,"alexscaves:amber":10,"minecraft:cooked_mutton":4,"minecraft:apple":3,"minecraft:stone_bricks":5,"minecraft:kelp":2,"minecraft:heart_of_the_sea":1,"minecraft:iron_ingot":52,"minecraft:cooked_chicken":2,"minecraft:stone_pickaxe":2,"eternal_tales:hay_stairs":1,"alexscaves:curly_fern":8,"minecraft:glass_bottle":4,"eternal_tales:salt":6,"minecraft:iron_sword":6,"minecraft:flowering_azalea":1,"minecraft:dark_oak_stairs":3,"minecraft:book":27,"eternal_tales:terra_hammer":1,"minecraft:oak_slab":60,"minecraft:dark_oak_slab":7,"minecraft:smooth_basalt":18,"minecraft:black_candle":11,"minecraft:birch_boat":1,"minecraft:quartz":14,"minecraft:gravel":114,"alexscaves:tree_star":2,"minecraft:blast_furnace":2,"eternal_tales:vivid_tale_block":1,"minecraft:green_carpet":1,"minecraft:spider_eye":36,"eternal_tales:bronze_coin":147,"alexscaves:smooth_limestone_stairs":1,"minecraft:iron_helmet":10,"alexscaves:pine_nuts":12,"eternal_tales:star_lord_emblem":1,"minecraft:gray_wool":1,"alexscaves:primordial_tunic":3,"minecraft:baked_potato":9,"eternal_tales:wolfberry":4,"minecraft:coal":168,"minecraft:sunflower":8},"minecraft:killed_by":{"minecraft:drowned":3,"eternal_tales:infern":2,"minecraft:player":4,"minecraft:spider":1,"alexscaves:vallumraptor":6,"minecraft:skeleton":2,"eternal_tales:dimensioner":3,"cave_dweller:cave_dweller":1},"minecraft:mined":{"minecraft:dark_oak_planks":4,"eternal_tales:deepslate_chlorine_ore":1,"create:deepslate_zinc_ore":20,"eternal_tales:striped_comets_log":2,"eternal_tales:blue_rose":1,"eternal_tales:cloud":1,"create:andesite_casing":2,"sophisticatedbackpacks:gold_backpack":1,"minecraft:jungle_leaves":3,"minecraft:obsidian":3,"eternal_tales:dense_cloud":2,"alexscaves:limestone":68,"minecraft:granite":22,"minecraft:acacia_log":1,"minecraft:grass_block":42,"eternal_tales:blue_comets_moss":1,"minecraft:jungle_log":14,"minecraft:spawner":9,"minecraft:magma_block":6,"eternal_tales:blue_comets_leaves":7,"minecraft:iron_ore":45,"minecraft:barrel":8,"minecraft:cobbled_deepslate":1,"minecraft:fire":11,"minecraft:moss_carpet":6,"minecraft:deepslate_lapis_ore":3,"alexscaves:smooth_limestone_stairs":1,"minecraft:brown_bed":1,"minecraft:azure_bluet":1,"minecraft:dark_oak_stairs":3,"minecraft:enchanting_table":1,"eternal_tales:blackstone_ancienzyte_ore":1,"minecraft:black_candle":2,"minecraft:green_carpet":2,"eternal_tales:latit":1,"eternal_tales:chlorine_ore":30,"minecraft:blue_orchid":1,"create:mechanical_press":2,"minecraft:tripwire":2,"minecraft:deepslate_redstone_ore":24,"create:cogwheel":16,"alexscaves:amber":1,"minecraft:blackstone":21,"minecraft:kelp_plant":1,"alexscaves:dinosaur_chop":1,"alexscaves:ancient_leaves":11,"minecraft:blast_furnace":2,"minecraft:melon":14,"minecraft:chest":1,"create:scoria":11,"eternal_tales:brown_clay":26,"minecraft:nether_quartz_ore":14,"minecraft:cobblestone":10,"minecraft:oak_planks":27,"minecraft:sugar_cane":45,"minecraft:deepslate_copper_ore":8,"eternal_tales:bamboo_block_et":16,"eternal_tales:jannatus_stem":1,"minecraft:dark_oak_slab":7,"minecraft:birch_log":2,"eternal_tales:vase_et_white":10,"minecraft:grass":37,"minecraft:oak_log":7,"create:hand_crank":2,"minecraft:sand":9,"minecraft:dirt":29,"minecraft:smooth_basalt":18,"eternal_tales:ancienzyte_ore":1,"minecraft:stonecutter":1,"minecraft:netherrack":16,"minecraft:oak_leaves":15,"minecraft:deepslate":567,"create:zinc_ore":15,"eternal_tales:salt_block":1,"alexscaves:flood_basalt":81,"minecraft:nether_gold_ore":11,"eternal_tales:vivid_tale_block":1,"alexscaves:spelunkery_table":1,"minecraft:tuff":25,"alexscaves:primal_magma":109,"minecraft:deepslate_diamond_ore":6,"minecraft:candle":4,"minecraft:dark_oak_log":4,"eternal_tales:comets_sand":2,"create:fluid_tank":1,"minecraft:glow_lichen":1,"minecraft:chiseled_bookshelf":3,"minecraft:jungle_planks":5,"create:depot":1,"minecraft:moss_block":8,"minecraft:sandstone":12,"minecraft:large_fern":8,"minecraft:redstone_ore":4,"minecraft:packed_mud":2,"minecraft:furnace":2,"minecraft:carrots":5,"minecraft:andesite":69,"minecraft:polished_deepslate":42,"minecraft:bookshelf":8,"minecraft:potatoes":2,"minecraft:deepslate_iron_ore":28,"minecraft:vine":10,"minecraft:stripped_oak_log":4,"minecraft:bamboo":56,"alexscaves:curly_fern":6,"minecraft:white_tulip":3,"minecraft:stone":566,"minecraft:oak_slab":12,"minecraft:flowering_azalea":1,"minecraft:glass_pane":1,"minecraft:hanging_roots":2,"eternal_tales:jannatus_flower":1,"eternal_tales:paeonia_et":1,"minecraft:basalt":19,"minecraft:oak_fence":14,"minecraft:crafting_table":1,"alexscaves:flytrap":1,"create:water_wheel":11,"minecraft:copper_ore":78,"minecraft:tall_grass":5,"eternal_tales:deepslate_quinine_ore":40,"minecraft:deepslate_coal_ore":3,"minecraft:deepslate_gold_ore":4,"minecraft:diorite":25,"minecraft:birch_planks":1,"eternal_tales:deepslate_cobalt_ore":26,"eternal_tales:vividstatue":3,"eternal_tales:nether_hell_moss_block":1,"eternal_tales:blueberry_bush":1,"minecraft:coal_ore":89,"alexscaves:cycad":1,"minecraft:sunflower":1,"minecraft:gravel":19,"minecraft:cobweb":9,"minecraft:cracked_stone_bricks":4,"minecraft:stone_bricks":5,"minecraft:mossy_stone_bricks":5,"minecraft:gold_ore":5,"minecraft:fern":8},"minecraft:killed":{"eternal_tales:bankeer":1,"minecraft:witch":3,"minecraft:spider":11,"eternal_tales:asteroid_watcher":1,"minecraft:skeleton":20,"minecraft:chicken":2,"eternal_tales:interdimensionipyre":5,"eternal_tales:interdimensional_zombie":3,"minecraft:piglin":1,"minecraft:pig":6,"eternal_tales:wendigo":1,"minecraft:creeper":2,"minecraft:sheep":4,"minecraft:zombie":17,"eternal_tales:spirit":6,"eternal_tales:infern":1,"alexscaves:trilocaris":5,"eternal_tales:comets_beetle":1,"eternal_tales:dimensioner":3,"minecraft:cow":6,"alexscaves:vallumraptor":3,"eternal_tales:sunflower_spider":11,"alexscaves:tremorsaurus":2,"eternal_tales:squindine":1,"minecraft:horse":2,"eternal_tales:interdimensional_banshee":3,"minecraft:drowned":2,"eternal_tales:flower_zombie":18,"alexscaves:subterranodon":2,"alexscaves:grottoceratops":2}},"DataVersion":3465}