{"stats":{"minecraft:custom":{"minecraft:interact_with_crafting_table":32,"minecraft:open_barrel":4,"minecraft:eat_cake_slice":3,"minecraft:leave_game":9,"minecraft:time_since_death":11681,"minecraft:sprint_one_cm":667482,"minecraft:drop":45,"minecraft:talked_to_villager":4,"minecraft:play_time":398330,"minecraft:deaths":24,"minecraft:jump":3923,"minecraft:walk_on_water_one_cm":77685,"minecraft:interact_with_furnace":73,"minecraft:interact_with_loom":7,"minecraft:sleep_in_bed":8,"minecraft:waystone_activated":1,"minecraft:damage_dealt":31870,"minecraft:crouch_one_cm":35586,"minecraft:mob_kills":127,"minecraft:climb_one_cm":9630,"minecraft:walk_one_cm":1082230,"minecraft:sneak_time":15439,"minecraft:walk_under_water_one_cm":53046,"minecraft:boat_one_cm":361752,"minecraft:interact_with_blast_furnace":2,"minecraft:total_world_time":398330,"minecraft:tune_noteblock":2,"minecraft:interact_with_grindstone":2,"minecraft:time_since_rest":6773,"minecraft:damage_taken":11458,"minecraft:swim_one_cm":29522,"minecraft:fly_one_cm":669960,"minecraft:open_chest":169,"minecraft:fall_one_cm":113204},"minecraft:crafted":{"minecraft:oak_planks":16,"minecraft:heavy_weighted_pressure_plate":2,"eternal_tales:bamboo_block_et":141,"sophisticatedbackpacks:copper_backpack":1,"minecraft:chest":1,"alexscaves:primitive_club":1,"sophisticatedbackpacks:backpack":1,"minecraft:crafting_table":4,"minecraft:jungle_boat":1,"minecraft:iron_helmet":1,"minecraft:baked_potato":34,"minecraft:copper_ingot":128,"minecraft:birch_planks":8,"minecraft:bamboo":128,"minecraft:diamond_pickaxe":2,"minecraft:shield":1,"minecraft:stick":20,"minecraft:iron_ingot":93,"minecraft:iron_pickaxe":1,"minecraft:stone_sword":1,"minecraft:gold_ingot":9,"minecraft:stone_shovel":1,"minecraft:iron_nugget":306,"alexscaves:cave_map":2,"minecraft:polished_deepslate":256,"minecraft:iron_axe":1,"minecraft:stone_pickaxe":2,"minecraft:dark_oak_planks":12,"minecraft:wheat":6,"sophisticatedbackpacks:iron_backpack":1,"create:andesite_alloy":32,"minecraft:iron_sword":1,"sophisticatedbackpacks:gold_backpack":1,"minecraft:bucket":2,"minecraft:jungle_planks":16,"minecraft:bread":2,"minecraft:air":0,"minecraft:iron_leggings":1,"create:zinc_ingot":30},"minecraft:dropped":{"minecraft:cooked_beef":1,"minecraft:diamond":1,"alexscaves:ambersol":1,"minecraft:dirt":3,"minecraft:sugar":3,"minecraft:wheat":2,"minecraft:rotten_flesh":5,"eternal_tales:salt":3,"minecraft:arrow":1,"eternal_tales:cobaltpickaxe":1,"minecraft:wheat_seeds":2,"create:crushed_raw_tin":26,"eternal_tales:spider_man_emblem":1,"eternal_tales:tea_seeds":7,"minecraft:iron_axe":1,"minecraft:string":1,"minecraft:moss_carpet":7,"minecraft:kelp":2,"minecraft:bowl":1,"minecraft:iron_boots":3,"sophisticatedbackpacks:backpack":1,"eternal_tales:wolfberry":1,"alexscaves:heavy_bone":1,"minecraft:iron_chestplate":2,"minecraft:wooden_pickaxe":1,"eternal_tales:terra_shard":1},"minecraft:used":{"minecraft:moss_block":1,"minecraft:iron_shovel":40,"minecraft:polished_deepslate":143,"minecraft:iron_sword":155,"alexscaves:primal_magma":5,"minecraft:iron_chestplate":8,"alexscaves:flood_basalt":36,"minecraft:jungle_planks":7,"eternal_tales:vivid_tale_block":1,"minecraft:packed_mud":2,"minecraft:iron_helmet":2,"minecraft:dark_oak_slab":8,"eternal_tales:comets_sand":2,"minecraft:bow":2,"eternal_tales:comet_bricks":2,"minecraft:potato":5,"eternal_tales:paeonia_et":1,"minecraft:dark_oak_stairs":2,"minecraft:diorite":8,"minecraft:stone_pickaxe":185,"minecraft:oak_planks":4,"minecraft:sandstone":9,"minecraft:sugar_cane":13,"minecraft:jungle_boat":4,"minecraft:cookie":1,"eternal_tales:bamboo_block_et":117,"minecraft:melon_slice":64,"minecraft:heavy_weighted_pressure_plate":2,"minecraft:string":2,"minecraft:bread":3,"minecraft:gravel":3,"minecraft:diamond_sword":315,"minecraft:stone_sword":93,"minecraft:flint_and_steel":57,"alexscaves:primordial_tunic":1,"minecraft:stone_shovel":33,"minecraft:dirt":27,"alexscaves:limestone":2,"minecraft:granite":8,"alexscaves:limestone_spear":32,"minecraft:dark_oak_planks":16,"alexscaves:smooth_limestone_stairs":1,"minecraft:iron_axe":342,"minecraft:iron_boots":5,"minecraft:smooth_basalt":16,"minecraft:bamboo":144,"alexscaves:spelunkery_table":1,"minecraft:cooked_beef":2,"minecraft:iron_leggings":5,"sophisticatedbackpacks:gold_backpack":1,"alexscaves:dinosaur_nugget":21,"minecraft:cooked_mutton":2,"minecraft:water_bucket":13,"alexscaves:dinosaur_chop":3,"minecraft:birch_planks":1,"minecraft:baked_potato":34,"minecraft:birch_boat":1,"alexscaves:primitive_club":11,"minecraft:crafting_table":4,"minecraft:diamond_pickaxe":843,"minecraft:apple":1,"minecraft:iron_pickaxe":499,"minecraft:suspicious_stew":1,"minecraft:cobblestone":12,"minecraft:cooked_porkchop":9,"minecraft:bucket":13,"minecraft:candle":1},"minecraft:broken":{"minecraft:iron_axe":1,"minecraft:iron_pickaxe":2,"minecraft:iron_helmet":1},"minecraft:picked_up":{"minecraft:wooden_axe":1,"minecraft:iron_chestplate":23,"alexscaves:tough_hide":12,"minecraft:diamond_sword":8,"alexscaves:cave_tablet":13,"minecraft:brown_bed":1,"minecraft:potion":7,"minecraft:golden_shovel":1,"alexscaves:smooth_limestone":1,"minecraft:polished_deepslate":6,"minecraft:string":137,"eternal_tales:batman_emblem":14,"minecraft:raw_copper":248,"minecraft:cooked_salmon":8,"minecraft:iron_leggings":11,"minecraft:gold_nugget":7,"minecraft:cobbled_deepslate":526,"minecraft:light_weighted_pressure_plate":1,"minecraft:white_tulip":3,"minecraft:iron_pickaxe":2,"minecraft:melon_slice":551,"minecraft:furnace":2,"minecraft:iron_boots":17,"minecraft:stick":12,"eternal_tales:bamboo_block_et":56,"alexscaves:limestone_spear":37,"minecraft:oak_fence":13,"minecraft:torch":7,"minecraft:porkchop":9,"eternal_tales:raw_quinine":36,"alexscaves:heavy_bone":2,"minecraft:diorite":18,"minecraft:orange_bed":1,"minecraft:stone_sword":4,"eternal_tales:green_arrow_emblem":4,"minecraft:rotten_flesh":144,"create:scoria":10,"eternal_tales:chlorine":19,"eternal_tales:comets_sand":4,"alexscaves:primitive_club":2,"minecraft:obsidian":12,"minecraft:cobblestone":157,"minecraft:birch_log":2,"minecraft:enchanting_table":1,"minecraft:feather":7,"minecraft:cooked_beef":5,"minecraft:andesite":67,"minecraft:jungle_log":13,"minecraft:potato":44,"alexscaves:cave_book":1,"minecraft:tuff":21,"create:raw_zinc":15,"eternal_tales:tea_seeds":50,"minecraft:lapis_lazuli":28,"minecraft:dirt":99,"minecraft:bone":53,"minecraft:stonecutter":1,"minecraft:bow":2,"minecraft:wheat_seeds":21,"minecraft:raw_gold":7,"eternal_tales:comet_bricks":2,"minecraft:mossy_stone_bricks":5,"minecraft:bamboo":628,"minecraft:powered_rail":2,"minecraft:moss_block":5,"minecraft:oak_planks":26,"minecraft:cooked_porkchop":10,"minecraft:poisonous_potato":1,"minecraft:jungle_planks":26,"minecraft:sand":8,"eternal_tales:blue_comets_moss":2,"minecraft:dark_oak_log":3,"minecraft:barrel":7,"man:tearoftheman":2,"minecraft:sugar":9,"eternal_tales:ectoplasm":48,"minecraft:diamond":15,"eternal_tales:terra_shard":116,"minecraft:granite":10,"minecraft:emerald":6,"minecraft:bread":11,"minecraft:oak_sapling":5,"eternal_tales:raw_chlorine":56,"minecraft:diamond_pickaxe":12,"sophisticatedbackpacks:gold_backpack":14,"minecraft:cocoa_beans":12,"minecraft:crafting_table":1,"alexscaves:primal_magma":168,"minecraft:azure_bluet":1,"minecraft:chicken":1,"minecraft:chest_minecart":1,"minecraft:wooden_pickaxe":2,"alexscaves:flood_basalt":112,"eternal_tales:raccoon_fur":7,"alexscaves:dinosaur_nugget":117,"minecraft:red_bed":1,"minecraft:moss_carpet":13,"minecraft:iron_axe":23,"alexscaves:fiddlehead":6,"minecraft:flint_and_steel":11,"eternal_tales:cobaltpickaxe":2,"minecraft:iron_shovel":10,"alexscaves:dinosaur_chop":6,"minecraft:blue_orchid":1,"minecraft:cracked_stone_bricks":2,"minecraft:candle":10,"eternal_tales:paeonia_et":1,"minecraft:beef":16,"minecraft:jungle_sapling":1,"minecraft:poppy":26,"minecraft:chest":1,"minecraft:sugar_cane":74,"eternal_tales:spider_man_emblem":7,"minecraft:egg":8,"minecraft:raw_iron":59,"minecraft:sandstone":19,"alexscaves:cycad":4,"sophisticatedbackpacks:backpack":1,"minecraft:note_block":2,"minecraft:fire_charge":1,"eternal_tales:brown_clay_ball":96,"minecraft:cookie":1,"minecraft:carrot":4,"minecraft:redstone":98,"minecraft:prismarine_crystals":12,"minecraft:dark_oak_planks":4,"minecraft:arrow":35,"minecraft:hay_block":3,"alexscaves:spelunkery_table":1,"minecraft:warped_sign":4,"minecraft:gold_ingot":24,"minecraft:mutton":8,"minecraft:white_wool":6,"eternal_tales:heart_et":5,"minecraft:stripped_oak_log":2,"minecraft:jungle_boat":10,"minecraft:leather":12,"minecraft:filled_map":2,"minecraft:birch_planks":1,"minecraft:packed_mud":5,"alexscaves:limestone":153,"alexscaves:ambersol":2,"minecraft:paper":25,"man:cassette_1safetyinstructions":1,"alexscaves:amber":10,"minecraft:cooked_mutton":4,"minecraft:apple":3,"minecraft:stone_bricks":5,"minecraft:kelp":2,"minecraft:heart_of_the_sea":1,"minecraft:cooked_chicken":2,"minecraft:iron_ingot":52,"minecraft:stone_pickaxe":2,"eternal_tales:hay_stairs":1,"alexscaves:curly_fern":8,"minecraft:glass_bottle":4,"minecraft:dark_oak_stairs":2,"eternal_tales:salt":6,"minecraft:flowering_azalea":1,"minecraft:iron_sword":6,"minecraft:book":27,"minecraft:smooth_basalt":18,"minecraft:black_candle":11,"minecraft:birch_boat":1,"minecraft:gravel":12,"alexscaves:tree_star":2,"minecraft:blast_furnace":2,"eternal_tales:vivid_tale_block":1,"minecraft:green_carpet":1,"minecraft:spider_eye":36,"eternal_tales:bronze_coin":141,"alexscaves:smooth_limestone_stairs":1,"minecraft:iron_helmet":10,"alexscaves:pine_nuts":12,"minecraft:gray_wool":1,"alexscaves:primordial_tunic":3,"eternal_tales:wolfberry":4,"minecraft:baked_potato":9,"minecraft:coal":90,"minecraft:sunflower":8},"minecraft:killed_by":{"minecraft:drowned":3,"minecraft:player":1,"alexscaves:vallumraptor":6,"minecraft:skeleton":1,"eternal_tales:dimensioner":3,"cave_dweller:cave_dweller":1},"minecraft:mined":{"minecraft:dark_oak_planks":4,"eternal_tales:deepslate_chlorine_ore":1,"create:deepslate_zinc_ore":5,"eternal_tales:striped_comets_log":2,"eternal_tales:blue_rose":1,"eternal_tales:cloud":1,"sophisticatedbackpacks:gold_backpack":1,"minecraft:jungle_leaves":3,"eternal_tales:dense_cloud":2,"alexscaves:limestone":68,"minecraft:obsidian":3,"minecraft:granite":11,"minecraft:acacia_log":1,"minecraft:grass_block":38,"eternal_tales:blue_comets_moss":1,"minecraft:jungle_log":14,"minecraft:spawner":9,"eternal_tales:blue_comets_leaves":7,"minecraft:iron_ore":35,"minecraft:fire":11,"minecraft:barrel":7,"minecraft:moss_carpet":6,"minecraft:deepslate_lapis_ore":3,"alexscaves:smooth_limestone_stairs":1,"minecraft:enchanting_table":1,"minecraft:azure_bluet":1,"minecraft:dark_oak_stairs":2,"minecraft:brown_bed":1,"minecraft:black_candle":2,"minecraft:green_carpet":2,"eternal_tales:chlorine_ore":27,"minecraft:blue_orchid":1,"minecraft:tripwire":2,"minecraft:deepslate_redstone_ore":9,"alexscaves:amber":1,"minecraft:kelp_plant":1,"alexscaves:dinosaur_chop":1,"alexscaves:ancient_leaves":11,"minecraft:blast_furnace":2,"minecraft:melon":14,"minecraft:chest":1,"create:scoria":11,"eternal_tales:brown_clay":26,"minecraft:cobblestone":6,"minecraft:sugar_cane":17,"minecraft:oak_planks":26,"minecraft:deepslate_copper_ore":8,"eternal_tales:bamboo_block_et":16,"eternal_tales:jannatus_stem":1,"minecraft:birch_log":2,"eternal_tales:vase_et_white":10,"minecraft:grass":37,"minecraft:oak_log":7,"minecraft:sand":9,"minecraft:dirt":22,"minecraft:smooth_basalt":18,"minecraft:stonecutter":1,"minecraft:oak_leaves":14,"minecraft:deepslate":539,"create:zinc_ore":10,"alexscaves:flood_basalt":81,"eternal_tales:vivid_tale_block":1,"alexscaves:spelunkery_table":1,"minecraft:tuff":21,"alexscaves:primal_magma":109,"minecraft:deepslate_diamond_ore":4,"minecraft:candle":4,"eternal_tales:comets_sand":2,"minecraft:dark_oak_log":4,"minecraft:glow_lichen":1,"minecraft:chiseled_bookshelf":3,"minecraft:jungle_planks":5,"minecraft:moss_block":8,"minecraft:sandstone":12,"minecraft:large_fern":8,"minecraft:redstone_ore":4,"minecraft:packed_mud":2,"minecraft:furnace":2,"minecraft:andesite":67,"minecraft:polished_deepslate":7,"minecraft:bookshelf":8,"minecraft:deepslate_iron_ore":24,"minecraft:vine":10,"minecraft:stripped_oak_log":3,"alexscaves:curly_fern":6,"minecraft:bamboo":56,"minecraft:stone":150,"minecraft:white_tulip":3,"minecraft:flowering_azalea":1,"minecraft:glass_pane":1,"minecraft:hanging_roots":2,"eternal_tales:jannatus_flower":1,"eternal_tales:paeonia_et":1,"minecraft:oak_fence":14,"minecraft:crafting_table":1,"alexscaves:flytrap":1,"minecraft:copper_ore":69,"minecraft:tall_grass":5,"eternal_tales:deepslate_quinine_ore":40,"minecraft:deepslate_coal_ore":3,"minecraft:deepslate_gold_ore":2,"minecraft:diorite":18,"minecraft:birch_planks":1,"eternal_tales:vividstatue":3,"eternal_tales:blueberry_bush":1,"minecraft:coal_ore":83,"alexscaves:cycad":1,"minecraft:sunflower":1,"minecraft:gravel":7,"minecraft:cobweb":9,"minecraft:cracked_stone_bricks":2,"minecraft:stone_bricks":5,"minecraft:mossy_stone_bricks":5,"minecraft:gold_ore":5,"minecraft:fern":8},"minecraft:killed":{"eternal_tales:bankeer":1,"minecraft:witch":3,"minecraft:spider":5,"eternal_tales:asteroid_watcher":1,"minecraft:skeleton":15,"minecraft:chicken":2,"eternal_tales:interdimensionipyre":5,"eternal_tales:interdimensional_zombie":3,"minecraft:pig":6,"eternal_tales:wendigo":1,"minecraft:creeper":2,"minecraft:sheep":4,"minecraft:zombie":9,"eternal_tales:spirit":6,"alexscaves:trilocaris":5,"eternal_tales:comets_beetle":1,"eternal_tales:dimensioner":3,"minecraft:cow":6,"alexscaves:vallumraptor":3,"alexscaves:tremorsaurus":2,"eternal_tales:sunflower_spider":11,"eternal_tales:squindine":1,"minecraft:horse":2,"eternal_tales:interdimensional_banshee":3,"minecraft:drowned":2,"eternal_tales:flower_zombie":16,"alexscaves:subterranodon":2,"alexscaves:grottoceratops":2}},"DataVersion":3465}