{"stats":{"minecraft:custom":{"minecraft:interact_with_crafting_table":51,"minecraft:open_barrel":22,"minecraft:leave_game":25,"minecraft:time_since_death":99662,"minecraft:sprint_one_cm":402914,"minecraft:drop":203,"minecraft:play_noteblock":2,"minecraft:talked_to_villager":8,"minecraft:play_time":423670,"minecraft:deaths":22,"minecraft:jump":4713,"minecraft:interact_with_brewingstand":1,"minecraft:walk_on_water_one_cm":94542,"minecraft:interact_with_furnace":40,"minecraft:interact_with_cartography_table":3,"minecraft:interact_with_loom":3,"minecraft:sleep_in_bed":9,"minecraft:waystone_activated":1,"minecraft:damage_dealt":29698,"minecraft:player_kills":4,"minecraft:crouch_one_cm":50275,"minecraft:mob_kills":110,"minecraft:fill_cauldron":1,"minecraft:climb_one_cm":5845,"minecraft:walk_one_cm":1281684,"minecraft:sneak_time":16114,"minecraft:walk_under_water_one_cm":27734,"minecraft:boat_one_cm":372632,"minecraft:total_world_time":423670,"minecraft:tune_noteblock":1,"minecraft:pot_flower":1,"minecraft:interact_with_grindstone":1,"minecraft:time_since_rest":6952,"minecraft:damage_taken":12291,"minecraft:swim_one_cm":66780,"minecraft:fly_one_cm":622770,"minecraft:open_chest":172,"minecraft:fall_one_cm":126925},"minecraft:crafted":{"minecraft:oak_planks":108,"minecraft:birch_boat":2,"eternal_tales:flowering_planks":8,"alexscaves:pewen_planks":16,"eternal_tales:cobaltpickaxe":1,"minecraft:iron_boots":4,"minecraft:chest":6,"alexscaves:primitive_club":1,"minecraft:cauldron":1,"minecraft:crafting_table":7,"minecraft:iron_helmet":2,"minecraft:wooden_pickaxe":1,"minecraft:baked_potato":25,"eternal_tales:terra_hammer_head":1,"minecraft:birch_planks":48,"minecraft:iron_chestplate":3,"minecraft:charcoal":1,"eternal_tales:caviar_sandwich":18,"minecraft:stick":64,"minecraft:iron_ingot":37,"minecraft:iron_pickaxe":3,"eternal_tales:caviar":54,"minecraft:cherry_planks":36,"eternal_tales:stone_stick":4,"alexscaves:amber_monolith":1,"eternal_tales:terra_crystal":2,"minecraft:furnace":3,"eternal_tales:terra_hammer":1,"minecraft:iron_axe":1,"minecraft:iron_hoe":1,"minecraft:stone_pickaxe":2,"minecraft:dark_oak_planks":4,"eternal_tales:terra_hammer_handle":1,"minecraft:wheat":303,"sophisticatedbackpacks:iron_backpack":1,"minecraft:diamond_sword":2,"eternal_tales:terra_hammer_cross":1,"minecraft:iron_sword":1,"sophisticatedbackpacks:gold_backpack":1,"minecraft:jungle_planks":148,"minecraft:bread":66,"minecraft:air":0,"minecraft:oak_boat":1,"minecraft:wooden_axe":1,"minecraft:iron_leggings":2,"minecraft:acacia_planks":64,"minecraft:torch":20},"minecraft:used":{"minecraft:chest":7,"minecraft:iron_sword":239,"minecraft:iron_chestplate":5,"alexscaves:flood_basalt":34,"alexscaves:ambersol":4,"minecraft:jungle_planks":82,"minecraft:carrot":29,"minecraft:allium":1,"eternal_tales:gold_chain":4,"minecraft:lava_bucket":1,"minecraft:lantern":2,"minecraft:iron_helmet":2,"eternal_tales:terra_hammer":370,"alexscaves:pewen_log":1,"minecraft:oak_sapling":13,"minecraft:sweet_berries":4,"minecraft:furnace":8,"eternal_tales:comets":1,"eternal_tales:comet_bricks":9,"minecraft:potato":11,"minecraft:oak_planks":14,"minecraft:stone_pickaxe":194,"minecraft:orange_tulip":1,"minecraft:wooden_pickaxe":3,"minecraft:cookie":2,"minecraft:glow_berries":12,"eternal_tales:tea_seeds":9,"alexscaves:trilocaris_tail":1,"sophisticatedbackpacks:backpack":1,"minecraft:melon_slice":29,"minecraft:bread":52,"minecraft:diamond_sword":256,"eternal_tales:jannatus_stem":1,"eternal_tales:blue_mushroom":1,"minecraft:oak_boat":2,"eternal_tales:rayana_bricks":3,"alexscaves:amber_monolith":2,"minecraft:stone_hoe":15,"minecraft:torch":28,"minecraft:brewing_stand":1,"minecraft:dirt":87,"eternal_tales:asteroid_stone":1,"minecraft:granite":18,"minecraft:iron_hoe":37,"alexscaves:limestone_spear":20,"minecraft:dark_oak_planks":5,"minecraft:wooden_axe":57,"eternal_tales:wolfberry":2,"eternal_tales:rayana_glowstone":1,"minecraft:iron_axe":341,"minecraft:iron_boots":6,"minecraft:basalt":16,"minecraft:cooked_beef":1,"minecraft:cobbled_deepslate":40,"minecraft:acacia_planks":58,"eternal_tales:comet_glowstone":2,"minecraft:iron_leggings":1,"minecraft:cooked_mutton":2,"eternal_tales:cobaltpickaxe":298,"minecraft:birch_planks":14,"minecraft:baked_potato":28,"minecraft:birch_boat":2,"minecraft:cherry_planks":20,"minecraft:cauldron":1,"eternal_tales:caviar_sandwich":18,"man:redcandle":1,"alexscaves:primitive_club":19,"minecraft:mossy_cobblestone":2,"minecraft:stripped_dark_oak_log":1,"minecraft:crafting_table":13,"minecraft:red_bed":3,"minecraft:oxeye_daisy":1,"minecraft:iron_pickaxe":495,"minecraft:cobblestone":81,"minecraft:potion":1,"minecraft:porkchop":2,"eternal_tales:jannatus_flower":2,"minecraft:candle":1},"minecraft:dropped":{"minecraft:iron_sword":2,"minecraft:glass_bottle":2,"minecraft:diamond":2,"alexscaves:curly_fern":1,"alexscaves:flytrap":1,"minecraft:cookie":1,"alexscaves:ambersol":1,"minecraft:rail":2,"minecraft:dirt":5,"eternal_tales:comet_crystal":1,"minecraft:jungle_sapling":3,"minecraft:sunflower":1,"minecraft:sugar":2,"minecraft:iron_pickaxe":3,"eternal_tales:terra_hammer":1,"minecraft:gold_ingot":2,"minecraft:gravel":47,"eternal_tales:stone_stick":3,"minecraft:white_tulip":3,"minecraft:note_block":4,"eternal_tales:latit":1,"minecraft:cobbled_deepslate":1647,"minecraft:birch_sapling":1,"minecraft:rotten_flesh":15,"minecraft:warped_sign":2,"eternal_tales:raccoon_fur":2,"minecraft:poppy":4,"alexscaves:dinosaur_chop":1,"alexscaves:smooth_limestone":1,"eternal_tales:salt":3,"minecraft:arrow":6,"eternal_tales:cobaltpickaxe":1,"minecraft:stone_brick_stairs":1,"minecraft:egg":2,"minecraft:wheat_seeds":7,"minecraft:poisonous_potato":1,"minecraft:oak_fence":4,"minecraft:cobblestone":57,"minecraft:granite":16,"eternal_tales:blue_rose":1,"minecraft:stick":8,"eternal_tales:tea_seeds":7,"minecraft:diorite":62,"minecraft:wooden_axe":1,"minecraft:green_carpet":1,"alexscaves:limestone":9,"minecraft:iron_axe":3,"minecraft:iron_shovel":1,"minecraft:string":3,"minecraft:smooth_basalt":1,"minecraft:redstone":46,"minecraft:tuff":239,"minecraft:iron_boots":3,"sophisticatedbackpacks:backpack":2,"eternal_tales:wolfberry":1,"minecraft:diamond_sword":1,"minecraft:potato":44,"man:tearoftheman":1,"minecraft:iron_chestplate":3,"minecraft:oak_sapling":3,"minecraft:bamboo":12,"minecraft:sandstone":4,"minecraft:wooden_pickaxe":1,"eternal_tales:terra_shard":1},"minecraft:broken":{"minecraft:iron_boots":1,"minecraft:iron_chestplate":1,"minecraft:stone_pickaxe":1,"minecraft:iron_sword":1,"minecraft:iron_pickaxe":1,"minecraft:iron_helmet":1},"minecraft:picked_up":{"minecraft:wooden_axe":3,"minecraft:iron_chestplate":11,"alexscaves:tough_hide":6,"minecraft:diamond_sword":6,"alexscaves:trilocaris_tail":2,"minecraft:potion":1,"minecraft:stone_brick_stairs":1,"minecraft:brewing_stand":2,"alexscaves:smooth_limestone":5,"eternal_tales:blue_rose":2,"minecraft:string":92,"minecraft:raw_copper":37,"minecraft:iron_leggings":3,"minecraft:cobbled_deepslate":2186,"minecraft:white_tulip":3,"minecraft:iron_pickaxe":4,"minecraft:melon_slice":846,"minecraft:furnace":5,"alexscaves:flytrap":1,"minecraft:iron_boots":13,"eternal_tales:bamboo_block_et":9,"minecraft:stick":27,"alexscaves:limestone_spear":41,"eternal_tales:latit":1,"minecraft:oak_fence":5,"minecraft:torch":18,"minecraft:acacia_log":16,"eternal_tales:raw_quinine":2,"alexscaves:heavy_bone":8,"minecraft:porkchop":5,"minecraft:cherry_log":18,"minecraft:diorite":62,"eternal_tales:comet_glowstone":2,"minecraft:stone_sword":3,"man:redcandle":1,"minecraft:rotten_flesh":92,"eternal_tales:comets_sand":2,"eternal_tales:chlorine":9,"alexscaves:primitive_club":3,"alexscaves:archaic_vine":1,"minecraft:obsidian":47,"minecraft:cobblestone":304,"minecraft:nautilus_shell":2,"minecraft:birch_log":12,"minecraft:feather":4,"minecraft:cooked_beef":1,"minecraft:magma_cream":1,"minecraft:jungle_log":37,"minecraft:potato":92,"eternal_tales:rayana_bricks":3,"minecraft:flint":5,"minecraft:tuff":289,"create:raw_zinc":14,"eternal_tales:tea_seeds":62,"minecraft:lapis_lazuli":8,"minecraft:dirt":145,"minecraft:lantern":2,"eternal_tales:gold_chain":4,"minecraft:bone":33,"minecraft:wheat_seeds":47,"minecraft:orange_tulip":1,"minecraft:raw_gold":4,"eternal_tales:comet_bricks":9,"minecraft:bamboo":114,"minecraft:moss_block":33,"minecraft:oak_planks":74,"eternal_tales:terra_crystal":3,"minecraft:poisonous_potato":5,"alexscaves:amber_curiosity":6,"minecraft:jungle_planks":92,"minecraft:dark_oak_log":1,"minecraft:mossy_cobblestone":2,"minecraft:iron_hoe":1,"minecraft:sugar":2,"eternal_tales:ectoplasm":14,"minecraft:diamond":29,"eternal_tales:terra_shard":87,"minecraft:granite":34,"minecraft:bread":208,"minecraft:oak_sapling":26,"minecraft:diamond_pickaxe":1,"minecraft:cocoa_beans":21,"minecraft:charcoal":46,"minecraft:crafting_table":8,"minecraft:allium":1,"alexscaves:primal_magma":12,"minecraft:wooden_pickaxe":3,"minecraft:gold_block":3,"alexscaves:flood_basalt":45,"eternal_tales:raccoon_fur":10,"alexscaves:dinosaur_nugget":11,"minecraft:iron_axe":16,"minecraft:red_bed":9,"minecraft:moss_carpet":24,"eternal_tales:asteroid_stone":17,"alexscaves:fiddlehead":6,"eternal_tales:cobaltpickaxe":8,"minecraft:iron_shovel":2,"alexscaves:dinosaur_chop":5,"eternal_tales:caviar_sandwich":26,"minecraft:cracked_stone_bricks":1,"minecraft:candle":1,"eternal_tales:astrantia":2,"eternal_tales:stone_stick":1,"eternal_tales:raw_cobalt":2,"minecraft:beef":5,"minecraft:oak_boat":3,"eternal_tales:raw_ancienzyte":1,"eternal_tales:striped_comets_log":4,"minecraft:jungle_sapling":3,"eternal_tales:jannatus_stem":1,"minecraft:poppy":17,"alexscaves:amber_monolith":4,"minecraft:birch_sapling":4,"minecraft:egg":6,"minecraft:raw_iron":46,"minecraft:sandstone":4,"alexscaves:cycad":6,"minecraft:note_block":4,"sophisticatedbackpacks:backpack":7,"eternal_tales:brown_clay_ball":12,"minecraft:carrot":48,"minecraft:redstone":249,"minecraft:dark_oak_planks":4,"minecraft:arrow":35,"eternal_tales:pyroxenite":27,"minecraft:hay_block":75,"minecraft:warped_sign":2,"minecraft:saddle":2,"minecraft:gold_ingot":55,"minecraft:rail":2,"eternal_tales:rayana_glowstone":1,"eternal_tales:heart_et":2,"minecraft:oxeye_daisy":1,"minecraft:stripped_oak_log":3,"alexscaves:pewen_log":8,"minecraft:basalt":196,"minecraft:leather":1,"alexscaves:limestone":203,"minecraft:oak_log":132,"minecraft:gunpowder":3,"alexscaves:pewen_planks":20,"eternal_tales:jannatus_flower":2,"alexscaves:ambersol":9,"minecraft:paper":1,"eternal_tales:blue_mushroom":1,"alexscaves:amber":48,"minecraft:cooked_mutton":1,"minecraft:apple":3,"minecraft:kelp":4,"minecraft:iron_ingot":34,"minecraft:stone_pickaxe":2,"eternal_tales:hay_stairs":1,"alexscaves:curly_fern":12,"minecraft:glass_bottle":7,"minecraft:iron_sword":9,"minecraft:dark_oak_stairs":4,"minecraft:oak_slab":1,"minecraft:smooth_basalt":1,"minecraft:dark_oak_slab":8,"minecraft:sweet_berries":3,"minecraft:dandelion":2,"minecraft:gravel":47,"eternal_tales:caviar_crate":12,"minecraft:green_carpet":1,"minecraft:spider_eye":45,"eternal_tales:flowering_log":18,"eternal_tales:bronze_coin":168,"minecraft:iron_helmet":3,"alexscaves:pine_nuts":24,"minecraft:cherry_sapling":4,"eternal_tales:star_lord_emblem":1,"eternal_tales:smooth_comet_stone":2,"alexscaves:cave_map":2,"minecraft:terracotta":10,"minecraft:baked_potato":3,"eternal_tales:wolfberry":3,"minecraft:melon_seeds":4,"minecraft:stripped_dark_oak_log":1,"minecraft:coal":19,"minecraft:sunflower":13},"minecraft:killed_by":{"man:managgresive":1,"eternal_tales:sunflower_spider":1,"alexscaves:vallumraptor":4,"eternal_tales:flower_zombie":1},"minecraft:mined":{"minecraft:dark_oak_planks":2,"create:deepslate_zinc_ore":2,"eternal_tales:cloud":4,"minecraft:cherry_log":9,"minecraft:jungle_leaves":3,"minecraft:obsidian":1,"minecraft:brewing_stand":1,"eternal_tales:dense_cloud":1,"alexscaves:limestone":82,"minecraft:granite":19,"minecraft:acacia_log":16,"minecraft:grass_block":44,"alexscaves:pewen_branch":1,"minecraft:jungle_log":39,"minecraft:oxeye_daisy":1,"minecraft:spawner":9,"eternal_tales:blue_comets_leaves":3,"minecraft:iron_ore":37,"minecraft:cobbled_deepslate":1,"minecraft:fire":1,"minecraft:moss_carpet":6,"eternal_tales:caviar_crate":6,"alexscaves:amber_monolith":3,"minecraft:dark_oak_stairs":4,"eternal_tales:suspicious_asteroid_stone":2,"eternal_tales:blackstone_ancienzyte_ore":1,"alexscaves:smooth_limestone":2,"alexscaves:ambersol":6,"eternal_tales:asteroid_stone":18,"minecraft:orange_bed":1,"minecraft:deepslate_redstone_ore":11,"alexscaves:amber":52,"minecraft:red_bed":4,"minecraft:note_block":2,"minecraft:melon":61,"man:redcandle":1,"eternal_tales:brown_clay":1,"minecraft:cobblestone":6,"eternal_tales:rayana_glowstone":1,"minecraft:wall_torch":5,"eternal_tales:bamboo_block_et":3,"minecraft:dark_oak_slab":8,"eternal_tales:comet_stone_bricks":2,"eternal_tales:blue_mushroom":1,"minecraft:birch_log":12,"minecraft:wheat":5,"eternal_tales:comet_glowstone":2,"minecraft:orange_tulip":1,"eternal_tales:vase_et_white":9,"minecraft:stone_brick_stairs":1,"minecraft:grass":30,"eternal_tales:smooth_comet_stone":1,"minecraft:oak_log":89,"minecraft:dirt":15,"minecraft:smooth_basalt":1,"eternal_tales:flowering_log":11,"minecraft:oak_leaves":45,"minecraft:deepslate":577,"eternal_tales:comet_bricks":11,"alexscaves:flood_basalt":6,"minecraft:tuff":88,"alexscaves:primal_magma":36,"minecraft:mossy_cobblestone":2,"minecraft:deepslate_diamond_ore":8,"minecraft:candle":1,"eternal_tales:hay_stairs":2,"alexscaves:pewen_log":6,"eternal_tales:pyroxenite":1,"minecraft:moss_block":19,"eternal_tales:flowering_leaves":18,"minecraft:sandstone":4,"minecraft:large_fern":13,"minecraft:hay_block":39,"alexscaves:archaic_vine_plant":1,"minecraft:redstone_ore":2,"minecraft:furnace":5,"minecraft:carrots":12,"minecraft:gold_block":1,"eternal_tales:gold_chain":4,"minecraft:potatoes":23,"minecraft:deepslate_iron_ore":2,"minecraft:vine":13,"minecraft:lantern":2,"minecraft:stripped_oak_log":2,"eternal_tales:rayana_bricks":3,"alexscaves:curly_fern":6,"minecraft:bamboo":4,"minecraft:stone":177,"eternal_tales:astrantia":1,"eternal_tales:chiseled_comet_stone_bricks":1,"minecraft:acacia_leaves":5,"minecraft:hanging_roots":3,"eternal_tales:jannatus_flower":1,"minecraft:stripped_dark_oak_log":1,"minecraft:basalt":15,"minecraft:oak_fence":1,"minecraft:crafting_table":7,"alexscaves:flytrap":1,"minecraft:copper_ore":4,"minecraft:tall_grass":9,"eternal_tales:deepslate_quinine_ore":2,"minecraft:lapis_ore":3,"minecraft:deepslate_gold_ore":2,"minecraft:diorite":10,"eternal_tales:deepslate_cobalt_ore":4,"eternal_tales:vividstatue":2,"minecraft:birch_leaves":4,"alexscaves:cycad":2,"minecraft:cherry_leaves":11,"minecraft:gravel":5,"minecraft:cobweb":18,"minecraft:terracotta":10,"minecraft:cracked_stone_bricks":2,"minecraft:gold_ore":3,"alexscaves:cave_painting_footprints":1,"minecraft:fern":14},"minecraft:killed":{"minecraft:cave_spider":2,"minecraft:witch":2,"minecraft:spider":4,"minecraft:skeleton":16,"eternal_tales:interdimensionipyre":4,"eternal_tales:interdimensional_zombie":5,"minecraft:magma_cube":3,"minecraft:pig":3,"minecraft:creeper":1,"minecraft:zombie":13,"eternal_tales:firefly_mob":1,"eternal_tales:spirit":4,"alexscaves:trilocaris":3,"eternal_tales:dimensioner":4,"minecraft:cow":2,"alexscaves:vallumraptor":9,"eternal_tales:sunflower_spider":12,"eternal_tales:interdimensional_banshee":1,"minecraft:drowned":2,"alexscaves:relicheirus":1,"eternal_tales:flower_zombie":16,"alexscaves:subterranodon":1,"alexscaves:grottoceratops":1}},"DataVersion":3465}