{"stats":{"minecraft:custom":{"minecraft:mob_kills":35,"minecraft:interact_with_crafting_table":24,"minecraft:open_barrel":5,"minecraft:leave_game":9,"minecraft:time_since_death":1396,"minecraft:climb_one_cm":3407,"minecraft:sprint_one_cm":152381,"minecraft:walk_one_cm":599769,"minecraft:drop":84,"minecraft:talked_to_villager":1,"minecraft:play_time":186515,"minecraft:sneak_time":7872,"minecraft:deaths":15,"minecraft:walk_under_water_one_cm":21657,"minecraft:boat_one_cm":306670,"minecraft:jump":1837,"minecraft:walk_on_water_one_cm":41923,"minecraft:total_world_time":186515,"minecraft:interact_with_furnace":30,"minecraft:interact_with_grindstone":1,"minecraft:sleep_in_bed":1,"minecraft:time_since_rest":1543,"minecraft:damage_taken":6833,"minecraft:damage_dealt":8302,"minecraft:swim_one_cm":35434,"minecraft:fly_one_cm":204657,"minecraft:open_chest":38,"minecraft:crouch_one_cm":30575,"minecraft:fall_one_cm":54519},"minecraft:crafted":{"minecraft:oak_planks":108,"minecraft:birch_boat":2,"eternal_tales:flowering_planks":8,"minecraft:furnace":3,"eternal_tales:cobaltpickaxe":1,"minecraft:iron_boots":2,"minecraft:iron_axe":1,"minecraft:stone_pickaxe":2,"minecraft:chest":6,"minecraft:dark_oak_planks":4,"minecraft:wheat":6,"minecraft:crafting_table":5,"minecraft:wooden_pickaxe":1,"minecraft:baked_potato":25,"minecraft:iron_sword":1,"minecraft:birch_planks":48,"minecraft:bread":2,"minecraft:air":0,"minecraft:jungle_planks":148,"minecraft:iron_chestplate":2,"minecraft:charcoal":1,"minecraft:stick":56,"minecraft:iron_ingot":37,"minecraft:iron_pickaxe":3,"minecraft:wooden_axe":1,"minecraft:acacia_planks":64,"minecraft:torch":12},"minecraft:used":{"minecraft:chest":6,"minecraft:iron_sword":191,"minecraft:stone_hoe":15,"minecraft:iron_chestplate":3,"minecraft:torch":14,"minecraft:dirt":44,"eternal_tales:asteroid_stone":1,"minecraft:jungle_planks":82,"minecraft:carrot":3,"minecraft:granite":2,"minecraft:dark_oak_planks":5,"minecraft:wooden_axe":57,"eternal_tales:wolfberry":2,"eternal_tales:gold_chain":4,"minecraft:lantern":2,"minecraft:iron_axe":164,"minecraft:iron_boots":5,"minecraft:sweet_berries":4,"minecraft:furnace":8,"eternal_tales:comets":1,"eternal_tales:comet_bricks":9,"minecraft:potato":8,"minecraft:cooked_beef":1,"minecraft:acacia_planks":58,"eternal_tales:comet_glowstone":2,"eternal_tales:cobaltpickaxe":51,"minecraft:birch_planks":14,"minecraft:stone_pickaxe":194,"minecraft:baked_potato":28,"minecraft:oak_planks":14,"minecraft:orange_tulip":1,"minecraft:wooden_pickaxe":3,"minecraft:birch_boat":2,"man:redcandle":1,"minecraft:cookie":2,"minecraft:glow_berries":12,"minecraft:mossy_cobblestone":2,"eternal_tales:tea_seeds":7,"minecraft:crafting_table":10,"minecraft:oxeye_daisy":1,"minecraft:iron_pickaxe":495,"minecraft:melon_slice":14,"minecraft:bread":2,"minecraft:cobblestone":81,"eternal_tales:jannatus_stem":1,"minecraft:porkchop":2,"eternal_tales:jannatus_flower":2,"eternal_tales:blue_mushroom":1,"minecraft:candle":1},"minecraft:dropped":{"minecraft:iron_sword":2,"minecraft:wheat_seeds":5,"minecraft:glass_bottle":1,"minecraft:diamond":2,"minecraft:poisonous_potato":1,"minecraft:cookie":1,"minecraft:oak_fence":4,"minecraft:cobblestone":7,"minecraft:granite":2,"eternal_tales:blue_rose":1,"minecraft:rail":2,"minecraft:stick":4,"eternal_tales:tea_seeds":6,"minecraft:wooden_axe":1,"eternal_tales:comet_crystal":1,"minecraft:iron_axe":1,"minecraft:sugar":2,"minecraft:iron_pickaxe":3,"minecraft:string":1,"minecraft:redstone":46,"minecraft:gold_ingot":2,"minecraft:birch_sapling":1,"minecraft:rotten_flesh":6,"minecraft:iron_boots":2,"eternal_tales:wolfberry":1,"minecraft:potato":44,"minecraft:iron_chestplate":2,"eternal_tales:salt":3,"minecraft:oak_sapling":3,"minecraft:bamboo":12,"minecraft:arrow":6,"minecraft:wooden_pickaxe":1,"eternal_tales:terra_shard":1,"minecraft:stone_brick_stairs":1},"minecraft:broken":{"minecraft:stone_pickaxe":1,"minecraft:iron_pickaxe":1},"minecraft:picked_up":{"minecraft:wooden_axe":3,"minecraft:cocoa_beans":21,"minecraft:iron_chestplate":7,"minecraft:crafting_table":5,"minecraft:wooden_pickaxe":3,"minecraft:gold_block":3,"minecraft:stone_brick_stairs":1,"eternal_tales:raccoon_fur":8,"eternal_tales:blue_rose":2,"minecraft:string":22,"minecraft:moss_carpet":9,"eternal_tales:asteroid_stone":17,"minecraft:raw_copper":16,"minecraft:iron_axe":7,"eternal_tales:cobaltpickaxe":2,"minecraft:cracked_stone_bricks":1,"minecraft:candle":1,"minecraft:cobbled_deepslate":272,"eternal_tales:striped_comets_log":4,"eternal_tales:jannatus_stem":1,"minecraft:iron_pickaxe":4,"minecraft:melon_slice":14,"minecraft:birch_sapling":4,"minecraft:furnace":5,"minecraft:iron_boots":6,"minecraft:egg":4,"minecraft:stick":6,"minecraft:raw_iron":39,"eternal_tales:bamboo_block_et":9,"minecraft:oak_fence":5,"minecraft:torch":2,"minecraft:acacia_log":16,"minecraft:porkchop":5,"minecraft:diorite":6,"minecraft:carrot":4,"minecraft:redstone":187,"eternal_tales:comet_glowstone":2,"minecraft:dark_oak_planks":4,"minecraft:stone_sword":3,"man:redcandle":1,"minecraft:arrow":32,"minecraft:rotten_flesh":16,"eternal_tales:comets_sand":2,"eternal_tales:chlorine":9,"minecraft:gold_ingot":35,"minecraft:rail":2,"minecraft:cobblestone":190,"minecraft:stripped_oak_log":3,"eternal_tales:heart_et":1,"minecraft:oxeye_daisy":1,"minecraft:nautilus_shell":2,"minecraft:birch_log":12,"minecraft:cooked_beef":1,"minecraft:jungle_log":37,"minecraft:potato":80,"minecraft:tuff":34,"minecraft:oak_log":92,"minecraft:gunpowder":3,"eternal_tales:tea_seeds":12,"eternal_tales:jannatus_flower":2,"minecraft:lapis_lazuli":8,"minecraft:dirt":49,"minecraft:lantern":2,"eternal_tales:blue_mushroom":1,"eternal_tales:gold_chain":4,"minecraft:bone":20,"minecraft:apple":1,"minecraft:kelp":4,"minecraft:wheat_seeds":5,"minecraft:orange_tulip":1,"minecraft:raw_gold":4,"minecraft:iron_ingot":22,"eternal_tales:comet_bricks":9,"minecraft:stone_pickaxe":2,"eternal_tales:hay_stairs":1,"minecraft:glass_bottle":7,"minecraft:bamboo":48,"minecraft:moss_block":3,"minecraft:iron_sword":8,"minecraft:oak_planks":63,"minecraft:dark_oak_stairs":4,"minecraft:dark_oak_slab":8,"minecraft:sweet_berries":3,"minecraft:poisonous_potato":4,"minecraft:jungle_planks":92,"minecraft:dark_oak_log":1,"minecraft:spider_eye":4,"minecraft:mossy_cobblestone":2,"eternal_tales:flowering_log":9,"eternal_tales:bronze_coin":20,"minecraft:sugar":2,"eternal_tales:ectoplasm":12,"minecraft:diamond":7,"eternal_tales:terra_shard":8,"minecraft:granite":4,"eternal_tales:smooth_comet_stone":2,"minecraft:baked_potato":3,"eternal_tales:wolfberry":3,"minecraft:oak_sapling":9,"minecraft:coal":16},"minecraft:killed_by":{"eternal_tales:flower_zombie":1,"man:managgresive":1},"minecraft:mined":{"minecraft:dark_oak_planks":2,"minecraft:tuff":71,"eternal_tales:cloud":4,"minecraft:mossy_cobblestone":2,"minecraft:deepslate_diamond_ore":6,"minecraft:candle":1,"eternal_tales:hay_stairs":2,"eternal_tales:dense_cloud":1,"minecraft:granite":2,"minecraft:acacia_log":16,"minecraft:grass_block":19,"minecraft:jungle_log":39,"minecraft:oxeye_daisy":1,"eternal_tales:flowering_leaves":6,"minecraft:spawner":4,"minecraft:redstone_ore":2,"minecraft:furnace":5,"eternal_tales:blue_comets_leaves":3,"minecraft:iron_ore":37,"minecraft:fire":1,"minecraft:moss_carpet":1,"minecraft:gold_block":1,"eternal_tales:gold_chain":4,"minecraft:dark_oak_stairs":4,"eternal_tales:suspicious_asteroid_stone":2,"minecraft:potatoes":18,"minecraft:vine":12,"minecraft:deepslate_iron_ore":2,"minecraft:lantern":2,"minecraft:stripped_oak_log":2,"minecraft:bamboo":1,"minecraft:stone":152,"eternal_tales:asteroid_stone":18,"minecraft:deepslate_redstone_ore":9,"eternal_tales:chiseled_comet_stone_bricks":1,"minecraft:acacia_leaves":5,"eternal_tales:jannatus_flower":1,"minecraft:oak_fence":1,"minecraft:crafting_table":5,"minecraft:melon":4,"man:redcandle":1,"minecraft:copper_ore":3,"minecraft:tall_grass":3,"minecraft:cobblestone":4,"minecraft:deepslate_gold_ore":2,"minecraft:lapis_ore":3,"minecraft:wall_torch":2,"minecraft:diorite":6,"eternal_tales:bamboo_block_et":3,"eternal_tales:vividstatue":2,"minecraft:dark_oak_slab":8,"eternal_tales:comet_stone_bricks":2,"minecraft:birch_log":12,"eternal_tales:blue_mushroom":1,"minecraft:birch_leaves":4,"eternal_tales:comet_glowstone":2,"minecraft:orange_tulip":1,"eternal_tales:vase_et_white":9,"minecraft:stone_brick_stairs":1,"minecraft:grass":16,"eternal_tales:smooth_comet_stone":1,"minecraft:oak_log":77,"minecraft:dirt":5,"minecraft:cobweb":16,"minecraft:cracked_stone_bricks":2,"eternal_tales:flowering_log":9,"minecraft:gold_ore":3,"minecraft:oak_leaves":19,"minecraft:deepslate":378,"eternal_tales:comet_bricks":11,"minecraft:fern":2},"minecraft:killed":{"minecraft:cave_spider":2,"minecraft:witch":2,"minecraft:spider":3,"minecraft:skeleton":10,"minecraft:drowned":2,"minecraft:pig":3,"minecraft:zombie":11,"eternal_tales:spirit":1,"eternal_tales:firefly_mob":1}},"DataVersion":3465}